-- Mseca

-- =============================================
-- BASE DE DATOS AURELION - ESTRUCTURA COMPLETA
-- =============================================

-- Crear la base de datos
CREATE DATABASE AurelionDB;
USE AurelionDB;

-- =============================================
-- 1. TABLA CLIENTES (100 registros)
-- =============================================
CREATE TABLE Clientes (
    id_cliente DECIMAL(10,1) PRIMARY KEY,
    nombre_cliente VARCHAR(100) NOT NULL,
    email VARCHAR(100),
    ciudad VARCHAR(50),
    fecha_alta DATETIME,
    INDEX idx_clientes_ciudad (ciudad),
    INDEX idx_clientes_fecha_alta (fecha_alta)
);

-- Insertar datos de clientes
INSERT INTO Clientes (id_cliente, nombre_cliente, email, ciudad, fecha_alta) VALUES
(1.0, 'Mariana Lopez', 'mariana.lopez@mail.com', 'Carlos Paz', '2023-01-01 00:00:00'),
(2.0, 'Nicolas Rojas', 'nicolas.rojas@mail.com', 'Carlos Paz', '2023-01-02 00:00:00'),
(3.0, 'Hernan Martinez', 'hernan.martinez@mail.com', 'Rio Cuarto', '2023-01-03 00:00:00'),
(4.0, 'Uma Martinez', 'uma.martinez@mail.com', 'Carlos Paz', '2023-01-04 00:00:00'),
(5.0, 'Agustina Flores', 'agustina.flores@mail.com', 'Cordoba', '2023-01-05 00:00:00'),
(6.0, 'Uma Medina', 'uma.medina@mail.com', 'Villa Maria', '2023-01-06 00:00:00'),
(7.0, 'Emilia Castro', 'emilia.castro@mail.com', 'Rio Cuarto', '2023-01-07 00:00:00'),
(8.0, 'Bruno Castro', 'bruno.castro@mail.com', 'Carlos Paz', '2023-01-08 00:00:00'),
(9.0, 'Yamila Molina', 'yamila.molina@mail.com', 'Carlos Paz', '2023-01-09 00:00:00'),
(10.0, 'Karina Acosta', 'karina.acosta@mail.com', 'Cordoba', '2023-01-10 00:00:00'),
(11.0, 'Helena Sanchez', 'helena.sanchez@mail.com', 'Villa Maria', '2023-01-11 00:00:00'),
(12.0, 'Gael Gomez', 'gael.gomez@mail.com', 'Alta Gracia', '2023-01-12 00:00:00'),
(13.0, 'Ivana Sanchez', 'ivana.sanchez@mail.com', 'Carlos Paz', '2023-01-13 00:00:00'),
(14.0, 'Gael Martinez', 'gael.martinez@mail.com', 'Carlos Paz', '2023-01-14 00:00:00'),
(15.0, 'Tomas Ruiz', 'tomas.ruiz@mail.com', 'Cordoba', '2023-01-15 00:00:00'),
(16.0, 'Felipe Alvarez', 'felipe.alvarez@mail.com', 'Rio Cuarto', '2023-01-16 00:00:00'),
(17.0, 'Pablo Gomez', 'pablo.gomez@mail.com', 'Villa Maria', '2023-01-17 00:00:00'),
(18.0, 'Ivana Torres', 'ivana.torres@mail.com', 'Carlos Paz', '2023-01-18 00:00:00'),
(19.0, 'Uma Silva', 'uma.silva@mail.com', 'Mendiolaza', '2023-01-19 00:00:00'),
(20.0, 'Tomas Acosta', 'tomas.acosta@mail.com', 'Rio Cuarto', '2023-01-20 00:00:00'),
(21.0, 'Elena Rodriguez', 'elena.rodriguez@mail.com', 'Alta Gracia', '2023-01-21 00:00:00'),
(22.0, 'Franco Rodriguez', 'franco.rodriguez@mail.com', 'Alta Gracia', '2023-01-22 00:00:00'),
(23.0, 'Helena Fernandez', 'helena.fernandez@mail.com', 'Rio Cuarto', '2023-01-23 00:00:00'),
(24.0, 'Nicolas Silva', 'nicolas.silva@mail.com', 'Villa Maria', '2023-01-24 00:00:00'),
(25.0, 'Karina Castro', 'karina.castro@mail.com', 'Rio Cuarto', '2023-01-25 00:00:00'),
(26.0, 'Camila Sanchez', 'camila.sanchez@mail.com', 'Alta Gracia', '2023-01-26 00:00:00'),
(27.0, 'Tomas Castro', 'tomas.castro@mail.com', 'Rio Cuarto', '2023-01-27 00:00:00'),
(28.0, 'Rocio Silva', 'rocio.silva@mail.com', 'Cordoba', '2023-01-28 00:00:00'),
(29.0, 'Diego Fernandez', 'diego.fernandez@mail.com', 'Alta Gracia', '2023-01-29 00:00:00'),
(30.0, 'Ivana Medina', 'ivana.medina@mail.com', 'Alta Gracia', '2023-01-30 00:00:00'),
(31.0, 'Felipe Ruiz', 'felipe.ruiz@mail.com', 'Villa Maria', '2023-01-31 00:00:00'),
(32.0, 'Martina Alvarez', 'martina.alvarez@mail.com', 'Mendiolaza', '2023-02-01 00:00:00'),
(33.0, 'Franco Acosta', 'franco.acosta@mail.com', 'Rio Cuarto', '2023-02-02 00:00:00'),
(34.0, 'Bruno Castro', 'bruno.castro2@mail.com', 'Villa Maria', '2023-02-03 00:00:00'),
(35.0, 'Yamila Lopez', 'yamila.lopez@mail.com', 'Mendiolaza', '2023-02-04 00:00:00'),
(36.0, 'Martina Molina', 'martina.molina@mail.com', 'Mendiolaza', '2023-02-05 00:00:00'),
(37.0, 'Martina Perez', 'martina.perez@mail.com', 'Mendiolaza', '2023-02-06 00:00:00'),
(38.0, 'Franco Herrera', 'franco.herrera@mail.com', 'Alta Gracia', '2023-02-07 00:00:00'),
(39.0, 'Santiago Diaz', 'santiago.diaz@mail.com', 'Alta Gracia', '2023-02-08 00:00:00'),
(40.0, 'Felipe Diaz', 'felipe.diaz@mail.com', 'Rio Cuarto', '2023-02-09 00:00:00'),
(41.0, 'Elena Rodriguez', 'elena.rodriguez2@mail.com', 'Alta Gracia', '2023-02-10 00:00:00'),
(42.0, 'Tomas Flores', 'tomas.flores@mail.com', 'Alta Gracia', '2023-02-11 00:00:00'),
(43.0, 'Lucas Perez', 'lucas.perez@mail.com', 'Mendiolaza', '2023-02-12 00:00:00'),
(44.0, 'Camila Romero', 'camila.romero@mail.com', 'Carlos Paz', '2023-02-13 00:00:00'),
(45.0, 'Olivia Castro', 'olivia.castro@mail.com', 'Rio Cuarto', '2023-02-14 00:00:00'),
(46.0, 'Agustina Martinez', 'agustina.martinez@mail.com', 'Alta Gracia', '2023-02-15 00:00:00'),
(47.0, 'Franco Silva', 'franco.silva@mail.com', 'Alta Gracia', '2023-02-16 00:00:00'),
(48.0, 'Rocio Alvarez', 'rocio.alvarez@mail.com', 'Cordoba', '2023-02-17 00:00:00'),
(49.0, 'Olivia Gomez', 'olivia.gomez@mail.com', 'Rio Cuarto', '2023-02-18 00:00:00'),
(50.0, 'Lucas Diaz', 'lucas.diaz@mail.com', 'Carlos Paz', '2023-02-19 00:00:00'),
(51.0, 'Agustina Gomez', 'agustina.gomez@mail.com', 'Rio Cuarto', '2023-02-20 00:00:00'),
(52.0, 'Diego Diaz', 'diego.diaz@mail.com', 'Rio Cuarto', '2023-02-21 00:00:00'),
(53.0, 'Emilia Rojas', 'emilia.rojas@mail.com', 'Mendiolaza', '2023-02-22 00:00:00'),
(54.0, 'Uma Herrera', 'uma.herrera@mail.com', 'Alta Gracia', '2023-02-23 00:00:00'),
(55.0, 'Olivia Ruiz', 'olivia.ruiz@mail.com', 'Mendiolaza', '2023-02-24 00:00:00'),
(56.0, 'Bruno Diaz', 'bruno.diaz@mail.com', 'Rio Cuarto', '2023-02-25 00:00:00'),
(57.0, 'Julian Acosta', 'julian.acosta@mail.com', 'Rio Cuarto', '2023-02-26 00:00:00'),
(58.0, 'Karina Acosta', 'karina.acosta2@mail.com', 'Rio Cuarto', '2023-02-27 00:00:00'),
(59.0, 'Emilia Ruiz', 'emilia.ruiz@mail.com', 'Villa Maria', '2023-02-28 00:00:00'),
(60.0, 'Uma Gonzalez', 'uma.gonzalez@mail.com', 'Alta Gracia', '2023-03-01 00:00:00'),
(61.0, 'Guadalupe Martinez', 'guadalupe.martinez@mail.com', 'Rio Cuarto', '2023-03-02 00:00:00'),
(62.0, 'Guadalupe Romero', 'guadalupe.romero@mail.com', 'Carlos Paz', '2023-03-03 00:00:00'),
(63.0, 'Pablo Medina', 'pablo.medina@mail.com', 'Cordoba', '2023-03-04 00:00:00'),
(64.0, 'Julian Alvarez', 'julian.alvarez@mail.com', 'Villa Maria', '2023-03-05 00:00:00'),
(65.0, 'Tomas Perez', 'tomas.perez@mail.com', 'Alta Gracia', '2023-03-06 00:00:00'),
(66.0, 'Tomas Herrera', 'tomas.herrera@mail.com', 'Villa Maria', '2023-03-07 00:00:00'),
(67.0, 'Ivana Romero', 'ivana.romero@mail.com', 'Alta Gracia', '2023-03-08 00:00:00'),
(68.0, 'Uma Torres', 'uma.torres@mail.com', 'Villa Maria', '2023-03-09 00:00:00'),
(69.0, 'Felipe Flores', 'felipe.flores@mail.com', 'Rio Cuarto', '2023-03-10 00:00:00'),
(70.0, 'Julian Diaz', 'julian.diaz@mail.com', 'Carlos Paz', '2023-03-11 00:00:00'),
(71.0, 'Valentina Alvarez', 'valentina.alvarez@mail.com', 'Villa Maria', '2023-03-12 00:00:00'),
(72.0, 'Camila Rodriguez', 'camila.rodriguez@mail.com', 'Cordoba', '2023-03-13 00:00:00'),
(73.0, 'Yamila Diaz', 'yamila.diaz@mail.com', 'Alta Gracia', '2023-03-14 00:00:00'),
(74.0, 'Zoe Flores', 'zoe.flores@mail.com', 'Carlos Paz', '2023-03-15 00:00:00'),
(75.0, 'Santiago Castro', 'santiago.castro@mail.com', 'Rio Cuarto', '2023-03-16 00:00:00'),
(76.0, 'Pablo Perez', 'pablo.perez@mail.com', 'Mendiolaza', '2023-03-17 00:00:00'),
(77.0, 'Bruno Alvarez', 'bruno.alvarez@mail.com', 'Villa Maria', '2023-03-18 00:00:00'),
(78.0, 'Emilia Alvarez', 'emilia.alvarez@mail.com', 'Villa Maria', '2023-03-19 00:00:00'),
(79.0, 'Olivia Perez', 'olivia.perez@mail.com', 'Carlos Paz', '2023-03-20 00:00:00'),
(80.0, 'Gael Ruiz', 'gael.ruiz@mail.com', 'Mendiolaza', '2023-03-21 00:00:00'),
(81.0, 'Camila Ruiz', 'camila.ruiz@mail.com', 'Carlos Paz', '2023-03-22 00:00:00'),
(82.0, 'Lucas Lopez', 'lucas.lopez@mail.com', 'Alta Gracia', '2023-03-23 00:00:00'),
(83.0, 'Franco Gomez', 'franco.gomez@mail.com', 'Rio Cuarto', '2023-03-24 00:00:00'),
(84.0, 'Pablo Sanchez', 'pablo.sanchez@mail.com', 'Cordoba', '2023-03-25 00:00:00'),
(85.0, 'Agustina Martinez', 'agustina.martinez2@mail.com', 'Mendiolaza', '2023-03-26 00:00:00'),
(86.0, 'Diego Torres', 'diego.torres@mail.com', 'Cordoba', '2023-03-27 00:00:00'),
(87.0, 'Bautista Lopez', 'bautista.lopez@mail.com', 'Alta Gracia', '2023-03-28 00:00:00'),
(88.0, 'Felipe Castro', 'felipe.castro@mail.com', 'Villa Maria', '2023-03-29 00:00:00'),
(89.0, 'Karina Martinez', 'karina.martinez@mail.com', 'Rio Cuarto', '2023-03-30 00:00:00'),
(90.0, 'Guadalupe Ruiz', 'guadalupe.ruiz@mail.com', 'Rio Cuarto', '2023-03-31 00:00:00'),
(91.0, 'Uma Sanchez', 'uma.sanchez@mail.com', 'Mendiolaza', '2023-04-01 00:00:00'),
(92.0, 'Mariana Rodriguez', 'mariana.rodriguez@mail.com', 'Alta Gracia', '2023-04-02 00:00:00'),
(93.0, 'Gael Rojas', 'gael.rojas@mail.com', 'Alta Gracia', '2023-04-03 00:00:00'),
(94.0, 'Elena Sanchez', 'elena.sanchez@mail.com', 'Mendiolaza', '2023-04-04 00:00:00'),
(95.0, 'Olivia Perez', 'olivia.perez2@mail.com', 'Rio Cuarto', '2023-04-05 00:00:00'),
(96.0, 'Rocio Gonzalez', 'rocio.gonzalez@mail.com', 'Cordoba', '2023-04-06 00:00:00'),
(97.0, 'Uma Alvarez', 'uma.alvarez@mail.com', 'Cordoba', '2023-04-07 00:00:00'),
(98.0, 'Camila Castro', 'camila.castro@mail.com', 'Cordoba', '2023-04-08 00:00:00'),
(99.0, 'Bruno Molina', 'bruno.molina@mail.com', 'Villa Maria', '2023-04-09 00:00:00'),
(100.0, 'Agustina Lopez', 'agustina.lopez@mail.com', 'Cordoba', '2023-04-10 00:00:00');

-- =============================================
-- 2. TABLA PRODUCTOS (100 registros)
-- =============================================
CREATE TABLE Productos (
    id_producto DECIMAL(10,1) PRIMARY KEY,
    nombre_producto VARCHAR(100) NOT NULL,
    categoria VARCHAR(50),
    precio_unitario DECIMAL(10,2),
    INDEX idx_productos_nombre (nombre_producto),
    INDEX idx_productos_categoria (categoria)
);

-- Insertar datos de productos
INSERT INTO Productos (id_producto, nombre_producto, categoria, precio_unitario) VALUES
(1.0, 'Coca Cola 1.5L', 'Alimentos', 2347.0),
(2.0, 'Pepsi 1.5L', 'Limpieza', 4973.0),
(3.0, 'Sprite 1.5L', 'Alimentos', 4964.0),
(4.0, 'Fanta Naranja 1.5L', 'Limpieza', 2033.0),
(5.0, 'Agua Mineral 500ml', 'Alimentos', 4777.0),
(6.0, 'Jugo de Naranja 1L', 'Limpieza', 4170.0),
(7.0, 'Jugo de Manzana 1L', 'Alimentos', 3269.0),
(8.0, 'Energética Nitro 500ml', 'Limpieza', 4218.0),
(9.0, 'Yerba Mate Suave 1kg', 'Alimentos', 3878.0),
(10.0, 'Yerba Mate Intensa 1kg', 'Limpieza', 4883.0),
(11.0, 'Café Molido 250g', 'Alimentos', 2053.0),
(12.0, 'Té Negro 20 saquitos', 'Limpieza', 570.0),
(13.0, 'Té Verde 20 saquitos', 'Alimentos', 2383.0),
(14.0, 'Leche Entera 1L', 'Limpieza', 1723.0),
(15.0, 'Leche Descremada 1L', 'Alimentos', 2538.0),
(16.0, 'Yogur Natural 200g', 'Limpieza', 4613.0),
(17.0, 'Queso Cremoso 500g', 'Alimentos', 4834.0),
(18.0, 'Queso Rallado 150g', 'Limpieza', 3444.0),
(19.0, 'Manteca 200g', 'Alimentos', 3251.0),
(20.0, 'Pan Lactal Blanco', 'Limpieza', 1571.0),
(21.0, 'Pan Lactal Integral', 'Alimentos', 272.0),
(22.0, 'Medialunas de Manteca', 'Limpieza', 2069.0),
(23.0, 'Bizcochos Salados', 'Alimentos', 2380.0),
(24.0, 'Galletitas Chocolate', 'Limpieza', 1305.0),
(25.0, 'Galletitas Vainilla', 'Alimentos', 4015.0),
(26.0, 'Alfajor Triple', 'Limpieza', 1001.0),
(27.0, 'Alfajor Simple', 'Alimentos', 2502.0),
(28.0, 'Papas Fritas Clásicas 100g', 'Limpieza', 936.0),
(29.0, 'Papas Fritas Onduladas 100g', 'Alimentos', 1868.0),
(30.0, 'Maní Salado 200g', 'Limpieza', 4875.0),
(31.0, 'Mix de Frutos Secos 200g', 'Alimentos', 3409.0),
(32.0, 'Chocolate Amargo 100g', 'Limpieza', 2234.0),
(33.0, 'Chocolate con Leche 100g', 'Alimentos', 1255.0),
(34.0, 'Turrón 50g', 'Limpieza', 503.0),
(35.0, 'Barrita de Cereal 30g', 'Alimentos', 4430.0),
(36.0, 'Dulce de Leche 400g', 'Limpieza', 2559.0),
(37.0, 'Mermelada de Durazno 400g', 'Alimentos', 3196.0),
(38.0, 'Mermelada de Frutilla 400g', 'Limpieza', 1584.0),
(39.0, 'Helado Vainilla 1L', 'Alimentos', 469.0),
(40.0, 'Helado Chocolate 1L', 'Limpieza', 1215.0),
(41.0, 'Aceite de Girasol 1L', 'Alimentos', 860.0),
(42.0, 'Vinagre de Alcohol 500ml', 'Limpieza', 1195.0),
(43.0, 'Salsa de Tomate 500g', 'Alimentos', 887.0),
(44.0, 'Arroz Largo Fino 1kg', 'Limpieza', 2979.0),
(45.0, 'Fideos Spaghetti 500g', 'Alimentos', 745.0),
(46.0, 'Lentejas Secas 500g', 'Limpieza', 3036.0),
(47.0, 'Garbanzos 500g', 'Alimentos', 2939.0),
(48.0, 'Porotos Negros 500g', 'Limpieza', 4462.0),
(49.0, 'Harina de Trigo 1kg', 'Alimentos', 2512.0),
(50.0, 'Azúcar 1kg', 'Limpieza', 727.0),
(51.0, 'Sal Fina 500g', 'Alimentos', 1745.0),
(52.0, 'Detergente Líquido 750ml', 'Limpieza', 2582.0),
(53.0, 'Lavandina 1L', 'Alimentos', 1664.0),
(54.0, 'Jabón de Tocador', 'Limpieza', 1592.0),
(55.0, 'Shampoo 400ml', 'Alimentos', 1407.0),
(56.0, 'Papel Higiénico x4', 'Limpieza', 2532.0),
(57.0, 'Servilletas x100', 'Alimentos', 4520.0),
(58.0, 'Caramelos Masticables', 'Limpieza', 4752.0),
(59.0, 'Chicle Menta', 'Alimentos', 3612.0),
(60.0, 'Chupetín', 'Limpieza', 4647.0),
(61.0, 'Miel Pura 250g', 'Alimentos', 4982.0),
(62.0, 'Stevia 100 sobres', 'Limpieza', 3848.0),
(63.0, 'Granola 250g', 'Alimentos', 4337.0),
(64.0, 'Avena Instantánea 250g', 'Limpieza', 3953.0),
(65.0, 'Cerveza Rubia 1L', 'Alimentos', 2423.0),
(66.0, 'Cerveza Negra 1L', 'Limpieza', 1533.0),
(67.0, 'Vino Tinto Malbec 750ml', 'Alimentos', 4719.0),
(68.0, 'Vino Blanco 750ml', 'Limpieza', 2684.0),
(69.0, 'Sidra 750ml', 'Alimentos', 744.0),
(70.0, 'Fernet 750ml', 'Limpieza', 4061.0),
(71.0, 'Vodka 700ml', 'Alimentos', 508.0),
(72.0, 'Ron 700ml', 'Limpieza', 3876.0),
(73.0, 'Gin 700ml', 'Alimentos', 1561.0),
(74.0, 'Whisky 750ml', 'Limpieza', 2953.0),
(75.0, 'Licor de Café 700ml', 'Alimentos', 3204.0),
(76.0, 'Pizza Congelada Muzzarella', 'Limpieza', 4286.0),
(77.0, 'Empanadas Congeladas', 'Alimentos', 4778.0),
(78.0, 'Verduras Congeladas Mix', 'Limpieza', 4289.0),
(79.0, 'Hamburguesas Congeladas x4', 'Alimentos', 2420.0),
(80.0, 'Helado de Frutilla 1L', 'Limpieza', 1981.0),
(81.0, 'Aceitunas Verdes 200g', 'Alimentos', 2520.0),
(82.0, 'Aceitunas Negras 200g', 'Limpieza', 2394.0),
(83.0, 'Queso Untable 190g', 'Alimentos', 1830.0),
(84.0, 'Queso Azul 150g', 'Limpieza', 1645.0),
(85.0, 'Jugo en Polvo Naranja', 'Alimentos', 1856.0),
(86.0, 'Jugo en Polvo Limón', 'Limpieza', 4090.0),
(87.0, 'Sopa Instantánea Pollo', 'Alimentos', 1679.0),
(88.0, 'Caldo Concentrado Carne', 'Limpieza', 2570.0),
(89.0, 'Caldo Concentrado Verdura', 'Alimentos', 1003.0),
(90.0, 'Toallas Húmedas x50', 'Limpieza', 2902.0),
(91.0, 'Desodorante Aerosol', 'Alimentos', 4690.0),
(92.0, 'Crema Dental 90g', 'Limpieza', 2512.0),
(93.0, 'Cepillo de Dientes', 'Alimentos', 2142.0),
(94.0, 'Hilo Dental', 'Limpieza', 1418.0),
(95.0, 'Mascarilla Capilar', 'Alimentos', 1581.0),
(96.0, 'Suavizante 1L', 'Limpieza', 4920.0),
(97.0, 'Limpiavidrios 500ml', 'Alimentos', 872.0),
(98.0, 'Desengrasante 500ml', 'Limpieza', 2843.0),
(99.0, 'Esponjas x3', 'Alimentos', 2430.0),
(100.0, 'Trapo de Piso', 'Limpieza', 4854.0);

-- =============================================
-- 3. TABLA VENTAS (120 registros)
-- =============================================
CREATE TABLE Ventas (
    id_venta DECIMAL(10,1) PRIMARY KEY,
    fecha DATETIME NOT NULL,
    id_cliente DECIMAL(10,1),
    nombre_cliente VARCHAR(100),
    email VARCHAR(100),
    medio_pago VARCHAR(50),
    FOREIGN KEY (id_cliente) REFERENCES Clientes(id_cliente),
    INDEX idx_ventas_fecha (fecha),
    INDEX idx_ventas_cliente (id_cliente)
);

-- Insertar datos de ventas
INSERT INTO Ventas (id_venta, fecha, id_cliente, nombre_cliente, email, medio_pago) VALUES
(1.0, '2024-06-19 00:00:00', 62.0, 'Guadalupe Romero', 'guadalupe.romero@mail.com', 'tarjeta'),
(2.0, '2024-03-17 00:00:00', 49.0, 'Olivia Gomez', 'olivia.gomez@mail.com', 'qr'),
(3.0, '2024-01-13 00:00:00', 20.0, 'Tomas Acosta', 'tomas.acosta@mail.com', 'tarjeta'),
(4.0, '2024-02-27 00:00:00', 36.0, 'Martina Molina', 'martina.molina@mail.com', 'transferencia'),
(5.0, '2024-06-11 00:00:00', 56.0, 'Bruno Diaz', 'bruno.diaz@mail.com', 'tarjeta'),
(6.0, '2024-05-05 00:00:00', 91.0, 'Uma Sanchez', 'uma.sanchez@mail.com', 'transferencia'),
(7.0, '2024-05-06 00:00:00', 92.0, 'Mariana Rodriguez', 'mariana.rodriguez@mail.com', 'efectivo'),
(8.0, '2024-01-06 00:00:00', 66.0, 'Tomas Herrera', 'tomas.herrera@mail.com', 'transferencia'),
(9.0, '2024-01-20 00:00:00', 86.0, 'Diego Torres', 'diego.torres@mail.com', 'efectivo'),
(10.0, '2024-05-28 00:00:00', 52.0, 'Diego Diaz', 'diego.diaz@mail.com', 'qr'),
(11.0, '2024-04-10 00:00:00', 20.0, 'Tomas Acosta', 'tomas.acosta@mail.com', 'qr'),
(12.0, '2024-06-28 00:00:00', 96.0, 'Rocio Gonzalez', 'rocio.gonzalez@mail.com', 'efectivo'),
(13.0, '2024-01-24 00:00:00', 6.0, 'Uma Medina', 'uma.medina@mail.com', 'tarjeta'),
(14.0, '2024-04-18 00:00:00', 67.0, 'Ivana Romero', 'ivana.romero@mail.com', 'qr'),
(15.0, '2024-06-27 00:00:00', 56.0, 'Bruno Diaz', 'bruno.diaz@mail.com', 'transferencia'),
(16.0, '2024-04-12 00:00:00', 2.0, 'Nicolas Rojas', 'nicolas.rojas@mail.com', 'efectivo'),
(17.0, '2024-02-17 00:00:00', 88.0, 'Felipe Castro', 'felipe.castro@mail.com', 'efectivo'),
(18.0, '2024-06-11 00:00:00', 81.0, 'Camila Ruiz', 'camila.ruiz@mail.com', 'qr'),
(19.0, '2024-06-11 00:00:00', 80.0, 'Gael Ruiz', 'gael.ruiz@mail.com', 'efectivo'),
(20.0, '2024-01-13 00:00:00', 75.0, 'Santiago Castro', 'santiago.castro@mail.com', 'tarjeta'),
(21.0, '2024-06-19 00:00:00', 10.0, 'Karina Acosta', 'karina.acosta@mail.com', 'transferencia'),
(22.0, '2024-05-08 00:00:00', 64.0, 'Julian Alvarez', 'julian.alvarez@mail.com', 'transferencia'),
(23.0, '2024-05-16 00:00:00', 78.0, 'Emilia Alvarez', 'emilia.alvarez@mail.com', 'transferencia'),
(24.0, '2024-06-14 00:00:00', 55.0, 'Olivia Ruiz', 'olivia.ruiz@mail.com', 'tarjeta'),
(25.0, '2024-04-30 00:00:00', 13.0, 'Ivana Sanchez', 'ivana.sanchez@mail.com', 'transferencia'),
(26.0, '2024-01-23 00:00:00', 49.0, 'Olivia Gomez', 'olivia.gomez@mail.com', 'efectivo'),
(27.0, '2024-02-25 00:00:00', 9.0, 'Yamila Molina', 'yamila.molina@mail.com', 'transferencia'),
(28.0, '2024-05-20 00:00:00', 52.0, 'Diego Diaz', 'diego.diaz@mail.com', 'qr'),
(29.0, '2024-02-20 00:00:00', 49.0, 'Olivia Gomez', 'olivia.gomez@mail.com', 'qr'),
(30.0, '2024-03-03 00:00:00', 93.0, 'Gael Rojas', 'gael.rojas@mail.com', 'efectivo'),
(31.0, '2024-05-22 00:00:00', 19.0, 'Uma Silva', 'uma.silva@mail.com', 'tarjeta'),
(32.0, '2024-01-30 00:00:00', 31.0, 'Felipe Ruiz', 'felipe.ruiz@mail.com', 'efectivo'),
(33.0, '2024-02-13 00:00:00', 6.0, 'Uma Medina', 'uma.medina@mail.com', 'efectivo'),
(34.0, '2024-01-13 00:00:00', 58.0, 'Karina Acosta', 'karina.acosta2@mail.com', 'transferencia'),
(35.0, '2024-05-30 00:00:00', 61.0, 'Guadalupe Martinez', 'guadalupe.martinez@mail.com', 'efectivo'),
(36.0, '2024-06-25 00:00:00', 5.0, 'Agustina Flores', 'agustina.flores@mail.com', 'tarjeta'),
(37.0, '2024-05-17 00:00:00', 57.0, 'Julian Acosta', 'julian.acosta@mail.com', 'qr'),
(38.0, '2024-05-29 00:00:00', 56.0, 'Bruno Diaz', 'bruno.diaz@mail.com', 'tarjeta'),
(39.0, '2024-03-05 00:00:00', 5.0, 'Agustina Flores', 'agustina.flores@mail.com', 'efectivo'),
(40.0, '2024-05-13 00:00:00', 15.0, 'Tomas Ruiz', 'tomas.ruiz@mail.com', 'efectivo'),
(41.0, '2024-03-08 00:00:00', 29.0, 'Diego Fernandez', 'diego.fernandez@mail.com', 'tarjeta'),
(42.0, '2024-04-18 00:00:00', 12.0, 'Gael Gomez', 'gael.gomez@mail.com', 'tarjeta'),
(43.0, '2024-02-18 00:00:00', 23.0, 'Helena Fernandez', 'helena.fernandez@mail.com', 'efectivo'),
(44.0, '2024-02-21 00:00:00', 21.0, 'Elena Rodriguez', 'elena.rodriguez@mail.com', 'efectivo'),
(45.0, '2024-01-19 00:00:00', 15.0, 'Tomas Ruiz', 'tomas.ruiz@mail.com', 'efectivo'),
(46.0, '2024-03-25 00:00:00', 46.0, 'Agustina Martinez', 'agustina.martinez@mail.com', 'tarjeta'),
(47.0, '2024-05-04 00:00:00', 52.0, 'Diego Diaz', 'diego.diaz@mail.com', 'transferencia'),
(48.0, '2024-01-26 00:00:00', 84.0, 'Pablo Sanchez', 'pablo.sanchez@mail.com', 'qr'),
(49.0, '2024-06-02 00:00:00', 5.0, 'Agustina Flores', 'agustina.flores@mail.com', 'efectivo'),
(50.0, '2024-01-09 00:00:00', 8.0, 'Bruno Castro', 'bruno.castro@mail.com', 'transferencia'),
(51.0, '2024-02-18 00:00:00', 39.0, 'Santiago Diaz', 'santiago.diaz@mail.com', 'efectivo'),
(52.0, '2024-05-10 00:00:00', 5.0, 'Agustina Flores', 'agustina.flores@mail.com', 'tarjeta'),
(53.0, '2024-01-25 00:00:00', 56.0, 'Bruno Diaz', 'bruno.diaz@mail.com', 'tarjeta'),
(54.0, '2024-03-26 00:00:00', 1.0, 'Mariana Lopez', 'mariana.lopez@mail.com', 'tarjeta'),
(55.0, '2024-01-04 00:00:00', 100.0, 'Agustina Lopez', 'agustina.lopez@mail.com', 'qr'),
(56.0, '2024-06-14 00:00:00', 15.0, 'Tomas Ruiz', 'tomas.ruiz@mail.com', 'qr'),
(57.0, '2024-01-10 00:00:00', 34.0, 'Bruno Castro', 'bruno.castro2@mail.com', 'efectivo'),
(58.0, '2024-02-04 00:00:00', 48.0, 'Rocio Alvarez', 'rocio.alvarez@mail.com', 'transferencia'),
(59.0, '2024-04-28 00:00:00', 62.0, 'Guadalupe Romero', 'guadalupe.romero@mail.com', 'tarjeta'),
(60.0, '2024-04-04 00:00:00', 81.0, 'Camila Ruiz', 'camila.ruiz@mail.com', 'transferencia'),
(61.0, '2024-06-01 00:00:00', 27.0, 'Tomas Castro', 'tomas.castro@mail.com', 'efectivo'),
(62.0, '2024-05-01 00:00:00', 100.0, 'Agustina Lopez', 'agustina.lopez@mail.com', 'transferencia'),
(63.0, '2024-06-19 00:00:00', 25.0, 'Karina Castro', 'karina.castro@mail.com', 'tarjeta'),
(64.0, '2024-03-07 00:00:00', 58.0, 'Karina Acosta', 'karina.acosta2@mail.com', 'qr'),
(65.0, '2024-04-30 00:00:00', 30.0, 'Ivana Medina', 'ivana.medina@mail.com', 'qr'),
(66.0, '2024-03-14 00:00:00', 69.0, 'Felipe Flores', 'felipe.flores@mail.com', 'qr'),
(67.0, '2024-03-21 00:00:00', 66.0, 'Tomas Herrera', 'tomas.herrera@mail.com', 'efectivo'),
(68.0, '2024-06-28 00:00:00', 27.0, 'Tomas Castro', 'tomas.castro@mail.com', 'qr'),
(69.0, '2024-01-06 00:00:00', 42.0, 'Tomas Flores', 'tomas.flores@mail.com', 'qr'),
(70.0, '2024-02-02 00:00:00', 41.0, 'Elena Rodriguez', 'elena.rodriguez2@mail.com', 'transferencia'),
(71.0, '2024-06-02 00:00:00', 40.0, 'Felipe Diaz', 'felipe.diaz@mail.com', 'qr'),
(72.0, '2024-02-17 00:00:00', 26.0, 'Camila Sanchez', 'camila.sanchez@mail.com', 'qr'),
(73.0, '2024-05-16 00:00:00', 42.0, 'Tomas Flores', 'tomas.flores@mail.com', 'transferencia'),
(74.0, '2024-04-26 00:00:00', 56.0, 'Bruno Diaz', 'bruno.diaz@mail.com', 'efectivo'),
(75.0, '2024-05-23 00:00:00', 61.0, 'Guadalupe Martinez', 'guadalupe.martinez@mail.com', 'qr'),
(76.0, '2024-05-15 00:00:00', 75.0, 'Santiago Castro', 'santiago.castro@mail.com', 'tarjeta'),
(77.0, '2024-05-26 00:00:00', 55.0, 'Olivia Ruiz', 'olivia.ruiz@mail.com', 'tarjeta'),
(78.0, '2024-04-29 00:00:00', 12.0, 'Gael Gomez', 'gael.gomez@mail.com', 'qr'),
(79.0, '2024-06-06 00:00:00', 57.0, 'Julian Acosta', 'julian.acosta@mail.com', 'qr'),
(80.0, '2024-03-25 00:00:00', 54.0, 'Uma Herrera', 'uma.herrera@mail.com', 'efectivo'),
(81.0, '2024-03-09 00:00:00', 49.0, 'Olivia Gomez', 'olivia.gomez@mail.com', 'transferencia'),
(82.0, '2024-01-25 00:00:00', 19.0, 'Uma Silva', 'uma.silva@mail.com', 'tarjeta'),
(83.0, '2024-05-28 00:00:00', 91.0, 'Uma Sanchez', 'uma.sanchez@mail.com', 'efectivo'),
(84.0, '2024-01-02 00:00:00', 72.0, 'Camila Rodriguez', 'camila.rodriguez@mail.com', 'efectivo'),
(85.0, '2024-01-23 00:00:00', 42.0, 'Tomas Flores', 'tomas.flores@mail.com', 'transferencia'),
(86.0, '2024-01-10 00:00:00', 40.0, 'Felipe Diaz', 'felipe.diaz@mail.com', 'efectivo'),
(87.0, '2024-04-20 00:00:00', 100.0, 'Agustina Lopez', 'agustina.lopez@mail.com', 'qr'),
(88.0, '2024-06-21 00:00:00', 37.0, 'Martina Perez', 'martina.perez@mail.com', 'efectivo'),
(89.0, '2024-01-18 00:00:00', 17.0, 'Pablo Gomez', 'pablo.gomez@mail.com', 'tarjeta'),
(90.0, '2024-01-08 00:00:00', 46.0, 'Agustina Martinez', 'agustina.martinez@mail.com', 'qr'),
(91.0, '2024-02-19 00:00:00', 39.0, 'Santiago Diaz', 'santiago.diaz@mail.com', 'efectivo'),
(92.0, '2024-02-09 00:00:00', 42.0, 'Tomas Flores', 'tomas.flores@mail.com', 'transferencia'),
(93.0, '2024-01-29 00:00:00', 90.0, 'Guadalupe Ruiz', 'guadalupe.ruiz@mail.com', 'efectivo'),
(94.0, '2024-03-06 00:00:00', 41.0, 'Elena Rodriguez', 'elena.rodriguez2@mail.com', 'qr'),
(95.0, '2024-02-25 00:00:00', 26.0, 'Camila Sanchez', 'camila.sanchez@mail.com', 'qr'),
(96.0, '2024-02-23 00:00:00', 83.0, 'Franco Gomez', 'franco.gomez@mail.com', 'tarjeta'),
(97.0, '2024-06-16 00:00:00', 39.0, 'Santiago Diaz', 'santiago.diaz@mail.com', 'efectivo'),
(98.0, '2024-01-12 00:00:00', 43.0, 'Lucas Perez', 'lucas.perez@mail.com', 'transferencia'),
(99.0, '2024-03-13 00:00:00', 51.0, 'Agustina Gomez', 'agustina.gomez@mail.com', 'transferencia'),
(100.0, '2024-06-08 00:00:00', 69.0, 'Felipe Flores', 'felipe.flores@mail.com', 'qr'),
(101.0, '2024-03-28 00:00:00', 72.0, 'Camila Rodriguez', 'camila.rodriguez@mail.com', 'efectivo'),
(102.0, '2024-03-29 00:00:00', 18.0, 'Ivana Torres', 'ivana.torres@mail.com', 'efectivo'),
(103.0, '2024-03-11 00:00:00', 39.0, 'Santiago Diaz', 'santiago.diaz@mail.com', 'efectivo'),
(104.0, '2024-06-17 00:00:00', 86.0, 'Diego Torres', 'diego.torres@mail.com', 'qr'),
(105.0, '2024-02-06 00:00:00', 1.0, 'Mariana Lopez', 'mariana.lopez@mail.com', 'transferencia'),
(106.0, '2024-03-24 00:00:00', 82.0, 'Lucas Lopez', 'lucas.lopez@mail.com', 'transferencia'),
(107.0, '2024-05-21 00:00:00', 14.0, 'Gael Martinez', 'gael.martinez@mail.com', 'efectivo'),
(108.0, '2024-03-25 00:00:00', 9.0, 'Yamila Molina', 'yamila.molina@mail.com', 'tarjeta'),
(109.0, '2024-06-04 00:00:00', 64.0, 'Julian Alvarez', 'julian.alvarez@mail.com', 'transferencia'),
(110.0, '2024-05-19 00:00:00', 92.0, 'Mariana Rodriguez', 'mariana.rodriguez@mail.com', 'efectivo'),
(111.0, '2024-02-12 00:00:00', 48.0, 'Rocio Alvarez', 'rocio.alvarez@mail.com', 'efectivo'),
(112.0, '2024-01-19 00:00:00', 28.0, 'Rocio Silva', 'rocio.silva@mail.com', 'tarjeta'),
(113.0, '2024-03-08 00:00:00', 98.0, 'Camila Castro', 'camila.castro@mail.com', 'transferencia'),
(114.0, '2024-05-05 00:00:00', 16.0, 'Felipe Alvarez', 'felipe.alvarez@mail.com', 'qr'),
(115.0, '2024-02-16 00:00:00', 3.0, 'Hernan Martinez', 'hernan.martinez@mail.com', 'transferencia'),
(116.0, '2024-03-18 00:00:00', 25.0, 'Karina Castro', 'karina.castro@mail.com', 'qr'),
(117.0, '2024-03-14 00:00:00', 72.0, 'Camila Rodriguez', 'camila.rodriguez@mail.com', 'tarjeta'),
(118.0, '2024-02-09 00:00:00', 84.0, 'Pablo Sanchez', 'pablo.sanchez@mail.com', 'efectivo'),
(119.0, '2024-02-07 00:00:00', 51.0, 'Agustina Gomez', 'agustina.gomez@mail.com', 'qr'),
(120.0, '2024-04-21 00:00:00', 72.0, 'Camila Rodriguez', 'camila.rodriguez@mail.com', 'tarjeta');

-- =============================================
-- 4. TABLA DETALLES_VENTAS (343 registros)
-- =============================================
CREATE TABLE Detalles_Ventas (
    id_detalle INT AUTO_INCREMENT PRIMARY KEY,
    id_venta DECIMAL(10,1) NOT NULL,
    id_producto DECIMAL(10,1),
    nombre_producto VARCHAR(100),
    cantidad DECIMAL(10,1),
    precio_unitario DECIMAL(10,2),
    importe DECIMAL(10,2),
    FOREIGN KEY (id_venta) REFERENCES Ventas(id_venta),
    FOREIGN KEY (id_producto) REFERENCES Productos(id_producto),
    INDEX idx_detalles_venta (id_venta),
    INDEX idx_detalles_producto (id_producto)
);

-- Insertar los 343 registros de detalles de ventas
INSERT INTO Detalles_Ventas (id_venta, id_producto, nombre_producto, cantidad, precio_unitario, importe) VALUES
(1.0, 90.0, 'Toallas Húmedas x50', 1.0, 2902.0, 2902.0),
(2.0, 82.0, 'Aceitunas Negras 200g', 5.0, 2394.0, 11970.0),
(2.0, 39.0, 'Helado Vainilla 1L', 5.0, 469.0, 2345.0),
(2.0, 70.0, 'Fernet 750ml', 2.0, 4061.0, 8122.0),
(2.0, 22.0, 'Medialunas de Manteca', 1.0, 2069.0, 2069.0),
(2.0, 79.0, 'Hamburguesas Congeladas x4', 4.0, 2420.0, 9680.0),
(3.0, 9.0, 'Yerba Mate Suave 1kg', 2.0, 3878.0, 7756.0),
(3.0, 2.0, 'Pepsi 1.5L', 2.0, 4973.0, 9946.0),
(3.0, 85.0, 'Jugo en Polvo Naranja', 1.0, 1856.0, 1856.0),
(4.0, 4.0, 'Fanta Naranja 1.5L', 2.0, 2033.0, 4066.0),
(4.0, 23.0, 'Bizcochos Salados', 5.0, 2380.0, 11900.0),
(5.0, 86.0, 'Jugo en Polvo Limón', 4.0, 4090.0, 16360.0),
(6.0, 25.0, 'Galletitas Vainilla', 2.0, 4015.0, 8030.0),
(6.0, 31.0, 'Mix de Frutos Secos 200g', 3.0, 3409.0, 10227.0),
(6.0, 83.0, 'Queso Untable 190g', 1.0, 1830.0, 1830.0),
(6.0, 59.0, 'Chicle Menta', 4.0, 3612.0, 14448.0),
(7.0, 63.0, 'Granola 250g', 3.0, 4337.0, 13011.0),
(8.0, 53.0, 'Lavandina 1L', 5.0, 1664.0, 8320.0),
(8.0, 18.0, 'Queso Rallado 150g', 4.0, 3444.0, 13776.0),
(8.0, 68.0, 'Vino Blanco 750ml', 5.0, 2684.0, 13420.0),
(9.0, 65.0, 'Cerveza Rubia 1L', 4.0, 2423.0, 9692.0),
(10.0, 36.0, 'Dulce de Leche 400g', 2.0, 2559.0, 5118.0),
(10.0, 100.0, 'Trapo de Piso', 4.0, 4854.0, 19416.0),
(10.0, 37.0, 'Mermelada de Durazno 400g', 3.0, 3196.0, 9588.0),
(10.0, 62.0, 'Stevia 100 sobres', 1.0, 3848.0, 3848.0),
(11.0, 13.0, 'Té Verde 20 saquitos', 1.0, 2383.0, 2383.0),
(11.0, 65.0, 'Cerveza Rubia 1L', 2.0, 2423.0, 4846.0),
(11.0, 28.0, 'Papas Fritas Clásicas 100g', 1.0, 936.0, 936.0),
(12.0, 72.0, 'Ron 700ml', 2.0, 3876.0, 7752.0),
(12.0, 50.0, 'Azúcar 1kg', 2.0, 727.0, 1454.0),
(12.0, 56.0, 'Papel Higiénico x4', 3.0, 2532.0, 7596.0),
(12.0, 87.0, 'Sopa Instantánea Pollo', 3.0, 1679.0, 5037.0),
(12.0, 38.0, 'Mermelada de Frutilla 400g', 4.0, 1584.0, 6336.0),
(13.0, 87.0, 'Sopa Instantánea Pollo', 1.0, 1679.0, 1679.0),
(13.0, 81.0, 'Aceitunas Verdes 200g', 3.0, 2520.0, 7560.0),
(13.0, 13.0, 'Té Verde 20 saquitos', 1.0, 2383.0, 2383.0),
(14.0, 36.0, 'Dulce de Leche 400g', 4.0, 2559.0, 10236.0),
(14.0, 72.0, 'Ron 700ml', 5.0, 3876.0, 19380.0),
(14.0, 38.0, 'Mermelada de Frutilla 400g', 3.0, 1584.0, 4752.0),
(14.0, 97.0, 'Limpiavidrios 500ml', 1.0, 872.0, 872.0),
(15.0, 37.0, 'Mermelada de Durazno 400g', 3.0, 3196.0, 9588.0),
(16.0, 35.0, 'Barrita de Cereal 30g', 5.0, 4430.0, 22150.0),
(17.0, 81.0, 'Aceitunas Verdes 200g', 5.0, 2520.0, 12600.0),
(17.0, 46.0, 'Lentejas Secas 500g', 5.0, 3036.0, 15180.0),
(17.0, 74.0, 'Whisky 750ml', 3.0, 2953.0, 8859.0),
(18.0, 33.0, 'Chocolate con Leche 100g', 2.0, 1255.0, 2510.0),
(18.0, 4.0, 'Fanta Naranja 1.5L', 5.0, 2033.0, 10165.0),
(18.0, 24.0, 'Galletitas Chocolate', 2.0, 1305.0, 2610.0),
(18.0, 15.0, 'Leche Descremada 1L', 3.0, 2538.0, 7614.0),
(18.0, 22.0, 'Medialunas de Manteca', 5.0, 2069.0, 10345.0),
(19.0, 38.0, 'Mermelada de Frutilla 400g', 2.0, 1584.0, 3168.0),
(19.0, 98.0, 'Desengrasante 500ml', 3.0, 2843.0, 8529.0),
(19.0, 63.0, 'Granola 250g', 3.0, 4337.0, 13011.0),
(20.0, 32.0, 'Chocolate Amargo 100g', 3.0, 2234.0, 6702.0),
(21.0, 76.0, 'Pizza Congelada Muzzarella', 5.0, 4286.0, 21430.0),
(21.0, 35.0, 'Barrita de Cereal 30g', 1.0, 4430.0, 4430.0),
(22.0, 9.0, 'Yerba Mate Suave 1kg', 2.0, 3878.0, 7756.0),
(22.0, 28.0, 'Papas Fritas Clásicas 100g', 3.0, 936.0, 2808.0),
(22.0, 24.0, 'Galletitas Chocolate', 4.0, 1305.0, 5220.0),
(23.0, 64.0, 'Avena Instantánea 250g', 4.0, 3953.0, 15812.0),
(23.0, 83.0, 'Queso Untable 190g', 4.0, 1830.0, 7320.0),
(24.0, 91.0, 'Desodorante Aerosol', 2.0, 4690.0, 9380.0),
(24.0, 40.0, 'Helado Chocolate 1L', 5.0, 1215.0, 6075.0),
(25.0, 55.0, 'Shampoo 400ml', 1.0, 1407.0, 1407.0),
(25.0, 95.0, 'Mascarilla Capilar', 5.0, 1581.0, 7905.0),
(25.0, 72.0, 'Ron 700ml', 1.0, 3876.0, 3876.0),
(26.0, 79.0, 'Hamburguesas Congeladas x4', 2.0, 2420.0, 4840.0),
(26.0, 86.0, 'Jugo en Polvo Limón', 1.0, 4090.0, 4090.0),
(27.0, 7.0, 'Jugo de Manzana 1L', 4.0, 3269.0, 13076.0),
(27.0, 78.0, 'Verduras Congeladas Mix', 4.0, 4289.0, 17156.0),
(28.0, 74.0, 'Whisky 750ml', 1.0, 2953.0, 2953.0),
(28.0, 91.0, 'Desodorante Aerosol', 2.0, 4690.0, 9380.0),
(28.0, 72.0, 'Ron 700ml', 1.0, 3876.0, 3876.0),
(28.0, 18.0, 'Queso Rallado 150g', 2.0, 3444.0, 6888.0),
(28.0, 27.0, 'Alfajor Simple', 5.0, 2502.0, 12510.0),
(29.0, 58.0, 'Caramelos Masticables', 1.0, 4752.0, 4752.0),
(29.0, 36.0, 'Dulce de Leche 400g', 2.0, 2559.0, 5118.0),
(29.0, 71.0, 'Vodka 700ml', 4.0, 508.0, 2032.0),
(29.0, 27.0, 'Alfajor Simple', 2.0, 2502.0, 5004.0),
(29.0, 66.0, 'Cerveza Negra 1L', 1.0, 1533.0, 1533.0),
(30.0, 49.0, 'Harina de Trigo 1kg', 4.0, 2512.0, 10048.0),
(30.0, 78.0, 'Verduras Congeladas Mix', 3.0, 4289.0, 12867.0),
(30.0, 82.0, 'Aceitunas Negras 200g', 4.0, 2394.0, 9576.0),
(30.0, 7.0, 'Jugo de Manzana 1L', 1.0, 3269.0, 3269.0),
(31.0, 92.0, 'Crema Dental 90g', 4.0, 2512.0, 10048.0),
(31.0, 90.0, 'Toallas Húmedas x50', 3.0, 2902.0, 8706.0),
(31.0, 84.0, 'Queso Azul 150g', 5.0, 1645.0, 8225.0),
(32.0, 72.0, 'Ron 700ml', 5.0, 3876.0, 19380.0),
(32.0, 53.0, 'Lavandina 1L', 4.0, 1664.0, 6656.0),
(32.0, 17.0, 'Queso Cremoso 500g', 3.0, 4834.0, 14502.0),
(32.0, 35.0, 'Barrita de Cereal 30g', 3.0, 4430.0, 13290.0),
(33.0, 47.0, 'Garbanzos 500g', 2.0, 2939.0, 5878.0),
(33.0, 76.0, 'Pizza Congelada Muzzarella', 4.0, 4286.0, 17144.0),
(33.0, 100.0, 'Trapo de Piso', 1.0, 4854.0, 4854.0),
(33.0, 91.0, 'Desodorante Aerosol', 2.0, 4690.0, 9380.0),
(34.0, 10.0, 'Yerba Mate Intensa 1kg', 1.0, 4883.0, 4883.0),
(34.0, 32.0, 'Chocolate Amargo 100g', 5.0, 2234.0, 11170.0),
(35.0, 93.0, 'Cepillo de Dientes', 3.0, 2142.0, 6426.0),
(35.0, 80.0, 'Helado de Frutilla 1L', 2.0, 1981.0, 3962.0),
(35.0, 88.0, 'Caldo Concentrado Carne', 5.0, 2570.0, 12850.0),
(36.0, 50.0, 'Azúcar 1kg', 4.0, 727.0, 2908.0),
(36.0, 48.0, 'Porotos Negros 500g', 2.0, 4462.0, 8924.0),
(37.0, 18.0, 'Queso Rallado 150g', 3.0, 3444.0, 10332.0),
(38.0, 62.0, 'Stevia 100 sobres', 5.0, 3848.0, 19240.0),
(38.0, 14.0, 'Leche Entera 1L', 3.0, 1723.0, 5169.0),
(38.0, 65.0, 'Cerveza Rubia 1L', 5.0, 2423.0, 12115.0),
(38.0, 5.0, 'Agua Mineral 500ml', 3.0, 4777.0, 14331.0),
(39.0, 44.0, 'Arroz Largo Fino 1kg', 4.0, 2979.0, 11916.0),
(39.0, 22.0, 'Medialunas de Manteca', 2.0, 2069.0, 4138.0),
(39.0, 58.0, 'Caramelos Masticables', 4.0, 4752.0, 19008.0),
(39.0, 81.0, 'Aceitunas Verdes 200g', 4.0, 2520.0, 10080.0),
(40.0, 44.0, 'Arroz Largo Fino 1kg', 2.0, 2979.0, 5958.0),
(41.0, 51.0, 'Sal Fina 500g', 1.0, 1745.0, 1745.0),
(41.0, 15.0, 'Leche Descremada 1L', 1.0, 2538.0, 2538.0),
(42.0, 47.0, 'Garbanzos 500g', 3.0, 2939.0, 8817.0),
(42.0, 29.0, 'Papas Fritas Onduladas 100g', 1.0, 1868.0, 1868.0),
(42.0, 73.0, 'Gin 700ml', 3.0, 1561.0, 4683.0),
(43.0, 1.0, 'Coca Cola 1.5L', 5.0, 2347.0, 11735.0),
(43.0, 49.0, 'Harina de Trigo 1kg', 2.0, 2512.0, 5024.0),
(43.0, 66.0, 'Cerveza Negra 1L', 2.0, 1533.0, 3066.0),
(44.0, 48.0, 'Porotos Negros 500g', 1.0, 4462.0, 4462.0),
(44.0, 47.0, 'Garbanzos 500g', 2.0, 2939.0, 5878.0),
(44.0, 100.0, 'Trapo de Piso', 2.0, 4854.0, 9708.0),
(45.0, 12.0, 'Té Negro 20 saquitos', 2.0, 570.0, 1140.0),
(45.0, 18.0, 'Queso Rallado 150g', 2.0, 3444.0, 6888.0),
(45.0, 87.0, 'Sopa Instantánea Pollo', 4.0, 1679.0, 6716.0),
(45.0, 98.0, 'Desengrasante 500ml', 1.0, 2843.0, 2843.0),
(45.0, 52.0, 'Detergente Líquido 750ml', 2.0, 2582.0, 5164.0),
(46.0, 21.0, 'Pan Lactal Integral', 1.0, 272.0, 272.0),
(47.0, 43.0, 'Salsa de Tomate 500g', 5.0, 887.0, 4435.0),
(47.0, 6.0, 'Jugo de Naranja 1L', 3.0, 4170.0, 12510.0),
(48.0, 70.0, 'Fernet 750ml', 1.0, 4061.0, 4061.0),
(48.0, 54.0, 'Jabón de Tocador', 5.0, 1592.0, 7960.0),
(48.0, 57.0, 'Servilletas x100', 4.0, 4520.0, 18080.0),
(49.0, 59.0, 'Chicle Menta', 2.0, 3612.0, 7224.0),
(49.0, 21.0, 'Pan Lactal Integral', 4.0, 272.0, 1088.0),
(49.0, 59.0, 'Chicle Menta', 4.0, 3612.0, 14448.0),
(49.0, 18.0, 'Queso Rallado 150g', 3.0, 3444.0, 10332.0),
(49.0, 85.0, 'Jugo en Polvo Naranja', 3.0, 1856.0, 5568.0),
(50.0, 10.0, 'Yerba Mate Intensa 1kg', 2.0, 4883.0, 9766.0),
(50.0, 34.0, 'Turrón 50g', 5.0, 503.0, 2515.0),
(50.0, 58.0, 'Caramelos Masticables', 5.0, 4752.0, 23760.0),
(50.0, 32.0, 'Chocolate Amargo 100g', 3.0, 2234.0, 6702.0),
(50.0, 91.0, 'Desodorante Aerosol', 4.0, 4690.0, 18760.0),
(51.0, 31.0, 'Mix de Frutos Secos 200g', 1.0, 3409.0, 3409.0),
(52.0, 83.0, 'Queso Untable 190g', 2.0, 1830.0, 3660.0),
(52.0, 9.0, 'Yerba Mate Suave 1kg', 4.0, 3878.0, 15512.0),
(52.0, 81.0, 'Aceitunas Verdes 200g', 5.0, 2520.0, 12600.0),
(52.0, 38.0, 'Mermelada de Frutilla 400g', 3.0, 1584.0, 4752.0),
(53.0, 28.0, 'Papas Fritas Clásicas 100g', 1.0, 936.0, 936.0),
(54.0, 65.0, 'Cerveza Rubia 1L', 1.0, 2423.0, 2423.0),
(54.0, 18.0, 'Queso Rallado 150g', 2.0, 3444.0, 6888.0),
(54.0, 91.0, 'Desodorante Aerosol', 3.0, 4690.0, 14070.0),
(54.0, 8.0, 'Energética Nitro 500ml', 3.0, 4218.0, 12654.0),
(55.0, 39.0, 'Helado Vainilla 1L', 4.0, 469.0, 1876.0),
(56.0, 18.0, 'Queso Rallado 150g', 5.0, 3444.0, 17220.0),
(57.0, 31.0, 'Mix de Frutos Secos 200g', 3.0, 3409.0, 10227.0),
(57.0, 41.0, 'Aceite de Girasol 1L', 4.0, 860.0, 3440.0),
(57.0, 9.0, 'Yerba Mate Suave 1kg', 5.0, 3878.0, 19390.0),
(57.0, 76.0, 'Pizza Congelada Muzzarella', 3.0, 4286.0, 12858.0),
(57.0, 98.0, 'Desengrasante 500ml', 4.0, 2843.0, 11372.0),
(58.0, 43.0, 'Salsa de Tomate 500g', 2.0, 887.0, 1774.0),
(58.0, 11.0, 'Café Molido 250g', 1.0, 2053.0, 2053.0),
(59.0, 31.0, 'Mix de Frutos Secos 200g', 1.0, 3409.0, 3409.0),
(59.0, 8.0, 'Energética Nitro 500ml', 2.0, 4218.0, 8436.0),
(59.0, 97.0, 'Limpiavidrios 500ml', 5.0, 872.0, 4360.0),
(60.0, 43.0, 'Salsa de Tomate 500g', 1.0, 887.0, 887.0),
(60.0, 98.0, 'Desengrasante 500ml', 3.0, 2843.0, 8529.0),
(60.0, 15.0, 'Leche Descremada 1L', 1.0, 2538.0, 2538.0),
(60.0, 21.0, 'Pan Lactal Integral', 2.0, 272.0, 544.0),
(60.0, 91.0, 'Desodorante Aerosol', 4.0, 4690.0, 18760.0),
(61.0, 9.0, 'Yerba Mate Suave 1kg', 3.0, 3878.0, 11634.0),
(61.0, 19.0, 'Manteca 200g', 3.0, 3251.0, 9753.0),
(62.0, 47.0, 'Garbanzos 500g', 4.0, 2939.0, 11756.0),
(62.0, 95.0, 'Mascarilla Capilar', 3.0, 1581.0, 4743.0),
(63.0, 8.0, 'Energética Nitro 500ml', 5.0, 4218.0, 21090.0),
(63.0, 2.0, 'Pepsi 1.5L', 2.0, 4973.0, 9946.0),
(63.0, 70.0, 'Fernet 750ml', 3.0, 4061.0, 12183.0),
(63.0, 45.0, 'Fideos Spaghetti 500g', 4.0, 745.0, 2980.0),
(64.0, 4.0, 'Fanta Naranja 1.5L', 2.0, 2033.0, 4066.0),
(64.0, 41.0, 'Aceite de Girasol 1L', 2.0, 860.0, 1720.0),
(65.0, 77.0, 'Empanadas Congeladas', 4.0, 4778.0, 19112.0),
(65.0, 22.0, 'Medialunas de Manteca', 3.0, 2069.0, 6207.0),
(65.0, 38.0, 'Mermelada de Frutilla 400g', 5.0, 1584.0, 7920.0),
(65.0, 36.0, 'Dulce de Leche 400g', 4.0, 2559.0, 10236.0),
(66.0, 16.0, 'Yogur Natural 200g', 3.0, 4613.0, 13839.0),
(67.0, 53.0, 'Lavandina 1L', 1.0, 1664.0, 1664.0),
(67.0, 8.0, 'Energética Nitro 500ml', 2.0, 4218.0, 8436.0),
(68.0, 94.0, 'Hilo Dental', 4.0, 1418.0, 5672.0),
(69.0, 76.0, 'Pizza Congelada Muzzarella', 4.0, 4286.0, 17144.0),
(69.0, 74.0, 'Whisky 750ml', 3.0, 2953.0, 8859.0),
(70.0, 66.0, 'Cerveza Negra 1L', 3.0, 1533.0, 4599.0),
(70.0, 89.0, 'Caldo Concentrado Verdura', 4.0, 1003.0, 4012.0),
(70.0, 38.0, 'Mermelada de Frutilla 400g', 3.0, 1584.0, 4752.0),
(71.0, 11.0, 'Café Molido 250g', 3.0, 2053.0, 6159.0),
(71.0, 79.0, 'Hamburguesas Congeladas x4', 4.0, 2420.0, 9680.0),
(71.0, 100.0, 'Trapo de Piso', 4.0, 4854.0, 19416.0),
(71.0, 92.0, 'Crema Dental 90g', 1.0, 2512.0, 2512.0),
(72.0, 94.0, 'Hilo Dental', 3.0, 1418.0, 4254.0),
(72.0, 41.0, 'Aceite de Girasol 1L', 4.0, 860.0, 3440.0),
(72.0, 51.0, 'Sal Fina 500g', 2.0, 1745.0, 3490.0),
(73.0, 28.0, 'Papas Fritas Clásicas 100g', 1.0, 936.0, 936.0),
(73.0, 24.0, 'Galletitas Chocolate', 3.0, 1305.0, 3915.0),
(73.0, 19.0, 'Manteca 200g', 1.0, 3251.0, 3251.0),
(74.0, 32.0, 'Chocolate Amargo 100g', 3.0, 2234.0, 6702.0),
(74.0, 14.0, 'Leche Entera 1L', 2.0, 1723.0, 3446.0),
(74.0, 55.0, 'Shampoo 400ml', 2.0, 1407.0, 2814.0),
(75.0, 3.0, 'Sprite 1.5L', 4.0, 4964.0, 19856.0),
(75.0, 2.0, 'Pepsi 1.5L', 5.0, 4973.0, 24865.0),
(76.0, 22.0, 'Medialunas de Manteca', 4.0, 2069.0, 8276.0),
(76.0, 23.0, 'Bizcochos Salados', 4.0, 2380.0, 9520.0),
(76.0, 24.0, 'Galletitas Chocolate', 1.0, 1305.0, 1305.0),
(76.0, 11.0, 'Café Molido 250g', 2.0, 2053.0, 4106.0),
(77.0, 53.0, 'Lavandina 1L', 2.0, 1664.0, 3328.0),
(77.0, 41.0, 'Aceite de Girasol 1L', 1.0, 860.0, 860.0),
(77.0, 34.0, 'Turrón 50g', 5.0, 503.0, 2515.0),
(77.0, 98.0, 'Desengrasante 500ml', 2.0, 2843.0, 5686.0),
(77.0, 39.0, 'Helado Vainilla 1L', 2.0, 469.0, 938.0),
(78.0, 37.0, 'Mermelada de Durazno 400g', 3.0, 3196.0, 9588.0),
(78.0, 79.0, 'Hamburguesas Congeladas x4', 5.0, 2420.0, 12100.0),
(78.0, 17.0, 'Queso Cremoso 500g', 2.0, 4834.0, 9668.0),
(78.0, 85.0, 'Jugo en Polvo Naranja', 1.0, 1856.0, 1856.0),
(78.0, 39.0, 'Helado Vainilla 1L', 2.0, 469.0, 938.0),
(79.0, 81.0, 'Aceitunas Verdes 200g', 2.0, 2520.0, 5040.0),
(79.0, 56.0, 'Papel Higiénico x4', 2.0, 2532.0, 5064.0),
(80.0, 39.0, 'Helado Vainilla 1L', 5.0, 469.0, 2345.0),
(80.0, 30.0, 'Maní Salado 200g', 3.0, 4875.0, 14625.0),
(80.0, 41.0, 'Aceite de Girasol 1L', 5.0, 860.0, 4300.0),
(81.0, 10.0, 'Yerba Mate Intensa 1kg', 2.0, 4883.0, 9766.0),
(82.0, 38.0, 'Mermelada de Frutilla 400g', 1.0, 1584.0, 1584.0),
(82.0, 28.0, 'Papas Fritas Clásicas 100g', 2.0, 936.0, 1872.0),
(82.0, 29.0, 'Papas Fritas Onduladas 100g', 5.0, 1868.0, 9340.0),
(82.0, 82.0, 'Aceitunas Negras 200g', 2.0, 2394.0, 4788.0),
(83.0, 5.0, 'Agua Mineral 500ml', 2.0, 4777.0, 9554.0),
(83.0, 26.0, 'Alfajor Triple', 2.0, 1001.0, 2002.0),
(83.0, 73.0, 'Gin 700ml', 5.0, 1561.0, 7805.0),
(83.0, 51.0, 'Sal Fina 500g', 2.0, 1745.0, 3490.0),
(84.0, 83.0, 'Queso Untable 190g', 5.0, 1830.0, 9150.0),
(84.0, 76.0, 'Pizza Congelada Muzzarella', 4.0, 4286.0, 17144.0),
(85.0, 32.0, 'Chocolate Amargo 100g', 4.0, 2234.0, 8936.0),
(85.0, 80.0, 'Helado de Frutilla 1L', 2.0, 1981.0, 3962.0),
(86.0, 66.0, 'Cerveza Negra 1L', 2.0, 1533.0, 3066.0),
(86.0, 1.0, 'Coca Cola 1.5L', 4.0, 2347.0, 9388.0),
(86.0, 13.0, 'Té Verde 20 saquitos', 5.0, 2383.0, 11915.0),
(86.0, 41.0, 'Aceite de Girasol 1L', 3.0, 860.0, 2580.0),
(87.0, 53.0, 'Lavandina 1L', 2.0, 1664.0, 3328.0),
(87.0, 86.0, 'Jugo en Polvo Limón', 2.0, 4090.0, 8180.0),
(88.0, 7.0, 'Jugo de Manzana 1L', 5.0, 3269.0, 16345.0),
(88.0, 53.0, 'Lavandina 1L', 5.0, 1664.0, 8320.0),
(88.0, 8.0, 'Energética Nitro 500ml', 4.0, 4218.0, 16872.0),
(89.0, 72.0, 'Ron 700ml', 2.0, 3876.0, 7752.0),
(90.0, 79.0, 'Hamburguesas Congeladas x4', 4.0, 2420.0, 9680.0),
(90.0, 6.0, 'Jugo de Naranja 1L', 2.0, 4170.0, 8340.0),
(91.0, 57.0, 'Servilletas x100', 3.0, 4520.0, 13560.0),
(92.0, 10.0, 'Yerba Mate Intensa 1kg', 2.0, 4883.0, 9766.0),
(92.0, 43.0, 'Salsa de Tomate 500g', 4.0, 887.0, 3548.0),
(93.0, 80.0, 'Helado de Frutilla 1L', 4.0, 1981.0, 7924.0),
(93.0, 66.0, 'Cerveza Negra 1L', 3.0, 1533.0, 4599.0),
(93.0, 91.0, 'Desodorante Aerosol', 3.0, 4690.0, 14070.0),
(94.0, 24.0, 'Galletitas Chocolate', 1.0, 1305.0, 1305.0),
(94.0, 86.0, 'Jugo en Polvo Limón', 5.0, 4090.0, 20450.0),
(94.0, 98.0, 'Desengrasante 500ml', 2.0, 2843.0, 5686.0),
(95.0, 72.0, 'Ron 700ml', 5.0, 3876.0, 19380.0),
(95.0, 12.0, 'Té Negro 20 saquitos', 1.0, 570.0, 570.0),
(96.0, 81.0, 'Aceitunas Verdes 200g', 3.0, 2520.0, 7560.0),
(96.0, 68.0, 'Vino Blanco 750ml', 1.0, 2684.0, 2684.0),
(96.0, 11.0, 'Café Molido 250g', 2.0, 2053.0, 4106.0),
(96.0, 50.0, 'Azúcar 1kg', 3.0, 727.0, 2181.0),
(97.0, 59.0, 'Chicle Menta', 5.0, 3612.0, 18060.0),
(97.0, 36.0, 'Dulce de Leche 400g', 1.0, 2559.0, 2559.0),
(97.0, 4.0, 'Fanta Naranja 1.5L', 3.0, 2033.0, 6099.0),
(98.0, 28.0, 'Papas Fritas Clásicas 100g', 4.0, 936.0, 3744.0),
(98.0, 61.0, 'Miel Pura 250g', 1.0, 4982.0, 4982.0),
(98.0, 29.0, 'Papas Fritas Onduladas 100g', 1.0, 1868.0, 1868.0),
(98.0, 83.0, 'Queso Untable 190g', 3.0, 1830.0, 5490.0),
(99.0, 40.0, 'Helado Chocolate 1L', 5.0, 1215.0, 6075.0),
(100.0, 13.0, 'Té Verde 20 saquitos', 3.0, 2383.0, 7149.0),
(100.0, 18.0, 'Queso Rallado 150g', 4.0, 3444.0, 13776.0),
(100.0, 58.0, 'Caramelos Masticables', 2.0, 4752.0, 9504.0),
(100.0, 57.0, 'Servilletas x100', 1.0, 4520.0, 4520.0),
(100.0, 9.0, 'Yerba Mate Suave 1kg', 4.0, 3878.0, 15512.0),
(101.0, 34.0, 'Turrón 50g', 4.0, 503.0, 2012.0),
(102.0, 78.0, 'Verduras Congeladas Mix', 3.0, 4289.0, 12867.0),
(102.0, 36.0, 'Dulce de Leche 400g', 3.0, 2559.0, 7677.0),
(103.0, 79.0, 'Hamburguesas Congeladas x4', 5.0, 2420.0, 12100.0),
(103.0, 43.0, 'Salsa de Tomate 500g', 5.0, 887.0, 4435.0),
(103.0, 34.0, 'Turrón 50g', 1.0, 503.0, 503.0),
(103.0, 70.0, 'Fernet 750ml', 1.0, 4061.0, 4061.0),
(104.0, 95.0, 'Mascarilla Capilar', 2.0, 1581.0, 3162.0),
(104.0, 68.0, 'Vino Blanco 750ml', 3.0, 2684.0, 8052.0),
(104.0, 68.0, 'Vino Blanco 750ml', 5.0, 2684.0, 13420.0),
(105.0, 13.0, 'Té Verde 20 saquitos', 2.0, 2383.0, 4766.0),
(105.0, 4.0, 'Fanta Naranja 1.5L', 4.0, 2033.0, 8132.0),
(105.0, 58.0, 'Caramelos Masticables', 2.0, 4752.0, 9504.0),
(105.0, 82.0, 'Aceitunas Negras 200g', 4.0, 2394.0, 9576.0),
(105.0, 43.0, 'Salsa de Tomate 500g', 5.0, 887.0, 4435.0),
(106.0, 88.0, 'Caldo Concentrado Carne', 3.0, 2570.0, 7710.0),
(107.0, 7.0, 'Jugo de Manzana 1L', 4.0, 3269.0, 13076.0),
(107.0, 11.0, 'Café Molido 250g', 2.0, 2053.0, 4106.0),
(107.0, 12.0, 'Té Negro 20 saquitos', 4.0, 570.0, 2280.0),
(107.0, 5.0, 'Agua Mineral 500ml', 4.0, 4777.0, 19108.0),
(108.0, 90.0, 'Toallas Húmedas x50', 4.0, 2902.0, 11608.0),
(109.0, 18.0, 'Queso Rallado 150g', 1.0, 3444.0, 3444.0),
(109.0, 74.0, 'Whisky 750ml', 1.0, 2953.0, 2953.0),
(109.0, 20.0, 'Pan Lactal Blanco', 2.0, 1571.0, 3142.0),
(109.0, 44.0, 'Arroz Largo Fino 1kg', 5.0, 2979.0, 14895.0),
(110.0, 6.0, 'Jugo de Naranja 1L', 1.0, 4170.0, 4170.0),
(110.0, 59.0, 'Chicle Menta', 3.0, 3612.0, 10836.0),
(110.0, 6.0, 'Jugo de Naranja 1L', 5.0, 4170.0, 20850.0),
(111.0, 97.0, 'Limpiavidrios 500ml', 4.0, 872.0, 3488.0),
(111.0, 93.0, 'Cepillo de Dientes', 3.0, 2142.0, 6426.0),
(111.0, 20.0, 'Pan Lactal Blanco', 2.0, 1571.0, 3142.0),
(111.0, 23.0, 'Bizcochos Salados', 4.0, 2380.0, 9520.0),
(112.0, 55.0, 'Shampoo 400ml', 1.0, 1407.0, 1407.0),
(112.0, 21.0, 'Pan Lactal Integral', 4.0, 272.0, 1088.0),
(112.0, 43.0, 'Salsa de Tomate 500g', 5.0, 887.0, 4435.0),
(112.0, 13.0, 'Té Verde 20 saquitos', 2.0, 2383.0, 4766.0),
(112.0, 59.0, 'Chicle Menta', 1.0, 3612.0, 3612.0),
(113.0, 53.0, 'Lavandina 1L', 2.0, 1664.0, 3328.0),
(113.0, 92.0, 'Crema Dental 90g', 3.0, 2512.0, 7536.0),
(114.0, 8.0, 'Energética Nitro 500ml', 1.0, 4218.0, 4218.0),
(114.0, 84.0, 'Queso Azul 150g', 1.0, 1645.0, 1645.0),
(114.0, 10.0, 'Yerba Mate Intensa 1kg', 1.0, 4883.0, 4883.0),
(114.0, 55.0, 'Shampoo 400ml', 5.0, 1407.0, 7035.0),
(114.0, 92.0, 'Crema Dental 90g', 4.0, 2512.0, 10048.0),
(115.0, 17.0, 'Queso Cremoso 500g', 4.0, 4834.0, 19336.0),
(115.0, 97.0, 'Limpiavidrios 500ml', 5.0, 872.0, 4360.0),
(115.0, 95.0, 'Mascarilla Capilar', 4.0, 1581.0, 6324.0),
(115.0, 84.0, 'Queso Azul 150g', 2.0, 1645.0, 3290.0),
(116.0, 65.0, 'Cerveza Rubia 1L', 1.0, 2423.0, 2423.0),
(116.0, 35.0, 'Barrita de Cereal 30g', 2.0, 4430.0, 8860.0),
(116.0, 42.0, 'Vinagre de Alcohol 500ml', 4.0, 1195.0, 4780.0),
(116.0, 54.0, 'Jabón de Tocador', 5.0, 1592.0, 7960.0),
(116.0, 90.0, 'Toallas Húmedas x50', 4.0, 2902.0, 11608.0),
(117.0, 67.0, 'Vino Tinto Malbec 750ml', 4.0, 4719.0, 18876.0),
(117.0, 61.0, 'Miel Pura 250g', 2.0, 4982.0, 9964.0),
(118.0, 68.0, 'Vino Blanco 750ml', 5.0, 2684.0, 13420.0),
(118.0, 68.0, 'Vino Blanco 750ml', 3.0, 2684.0, 8052.0),
(118.0, 70.0, 'Fernet 750ml', 2.0, 4061.0, 8122.0),
(118.0, 93.0, 'Cepillo de Dientes', 3.0, 2142.0, 6426.0),
(118.0, 50.0, 'Azúcar 1kg', 2.0, 727.0, 1454.0),
(119.0, 45.0, 'Fideos Spaghetti 500g', 5.0, 745.0, 3725.0),
(120.0, 20.0, 'Pan Lactal Blanco', 5.0, 1571.0, 7855.0);

-- =============================================
-- FIN DEL SCRIPT
-- =============================================

